group,label,name,step,size_x_mm,size_y_mm,size_z_mm
assembly,wheel_rear,Body060,step/assembly/wheel_rear__Body060.step,70.0,70.0,62.0
ungrouped,M12x10-ThreadedRod,ThreadedRod,step/ungrouped/M12x10-ThreadedRod__ThreadedRod.step,15.729134,17.641731,11.549981
assembly,wheel_front,Body068,step/assembly/wheel_front__Body068.step,60.0,60.0,37.0
assembly,lipo,Body086,step/assembly/lipo__Body086.step,140.0,47.0,25.0
assembly,motor,Body090,step/assembly/motor__Body090.step,42.0,42.0,87.0
ungrouped,Fusion,Fusion,step/ungrouped/Fusion__Fusion.step,8.0,8.0,36.0
ungrouped,Fusion001,Fusion001,step/ungrouped/Fusion001__Fusion001.step,16.0,3.0,31.0
optionals,collar_wheel_3.50mm,Body099,step/optionals/collar_wheel_3.50mm__Body099.step,16.0,16.0,3.5
ungrouped,Fillet006,Fillet006,step/ungrouped/Fillet006__Fillet006.step,16.0,3.0,31.0
ungrouped,Fusion002,Fusion002,step/ungrouped/Fusion002__Fusion002.step,16.0,8.0,36.0
assembly,dogbone,Fillet007,step/assembly/dogbone__Fillet007.step,16.0,8.0,36.0
assembly,pivot_ball,Fusion003,step/assembly/pivot_ball__Fusion003.step,8.0,8.0,22.0
belt,shim_rear,Body130,step/belt/shim_rear__Body130.step,11.383822,13.5,11.383822
transmission,pinion,Body133,step/transmission/pinion__Body133.step,20.90224,20.973876,18.0
optionals,plate_wheel,Body136,step/optionals/plate_wheel__Body136.step,16.0,16.0,5.0
old,esc_holder_light,Body139,step/old/esc_holder_light__Body139.step,130.0,55.0,3.0
central,lipo_link,Body002,step/central/lipo_link__Body002.step,14.722749,50.0,5.0
front,servo_arms_nylon,Body162,step/front/servo_arms_nylon__Body162.step,26.0,20.0,5.5
transmission,stop_wheel,Body168,step/transmission/stop_wheel__Body168.step,9.1,25.0,9.105958
transmission,spur_49t,Body171,step/transmission/spur_49t__Body171.step,50.992737,50.966538,18.0
transmission,shaft_rear,Body172,step/transmission/shaft_rear__Body172.step,11.5,11.504798,219.8
shims,shim_left_metal,Body174,step/shims/shim_left_metal__Body174.step,14.0,14.0,2.8
shims,shim_right_metal,Body176,step/shims/shim_right_metal__Body176.step,14.0,14.0,1.4
shims,shim_rear_metal,Body177,step/shims/shim_rear_metal__Body177.step,11.383822,16.5,11.383822
bodyshell,rear_body_holder,Body178,step/bodyshell/rear_body_holder__Body178.step,8.0,80.0,8.0
bodyshell,tower_body,Body180,step/bodyshell/tower_body__Body180.step,8.659138,20.329569,30.0
rear,esc_holder_rear,Body181,step/rear/esc_holder_rear__Body181.step,70.0,88.0,12.0
bodyshell,bumper,Body186,step/bodyshell/bumper__Body186.step,260.0,44.0,8.0
bodyshell,towers_holder,Body188,step/bodyshell/towers_holder__Body188.step,94.0,12.0,3.0
bodyshell,bodyshell_rear_holder,Body198,step/bodyshell/bodyshell_rear_holder__Body198.step,220.0,18.0,14.0
front,balestra_holder_down,Body202,step/front/balestra_holder_down__Body202.step,30.0,4.4,7.0
assembly,front_tire,Body213,step/assembly/front_tire__Body213.step,30.0,55.0,55.0
backup,shaft_rear_metal_backup,Body214,step/backup/shaft_rear_metal_backup__Body214.step,11.5,11.504798,219.8
shims,shim_rear0_12_5mm,Body223,step/shims/shim_rear0_12_5mm__Body223.step,11.383822,13.5,11.383822
shims,shim_rear0_13_5mm,Body224,step/shims/shim_rear0_13_5mm__Body224.step,11.383822,14.5,11.383822
backup,shaft_carbon_fiber_filler,Body225,step/backup/shaft_carbon_fiber_filler__Body225.step,9.0,9.0,11.0
belt,front_belt_holder,Body228,step/belt/front_belt_holder__Body228.step,10.5,14.0,17.0
transmission,spur_holder,Body229,step/transmission/spur_holder__Body229.step,30.5,30.5,16.0
bodyshell,bumper_holder,Body230,step/bodyshell/bumper_holder__Body230.step,83.161336,45.0,14.0
chassis,chassis_4mm,Body234,step/chassis/chassis_4mm__Body234.step,361.473012,90.008158,4.0
rear,rear_tower_right,Body235,step/rear/rear_tower_right__Body235.step,93.0,50.0,9.0
optionals,fan_support,Body238,step/optionals/fan_support__Body238.step,49.0,48.0,5.0
transmission,pulley_rear,Body246,step/transmission/pulley_rear__Body246.step,34.0,34.0,21.0
optionals,turnbuckle_4mm,Body247,step/optionals/turnbuckle_4mm__Body247.step,10.2,41.201286,5.0
ungrouped,drive_train_petcf,Body251,step/ungrouped/drive_train_petcf__Body251.step,20.002596,19.002562,30.0
ungrouped,pulley_petcf,Body252,step/ungrouped/pulley_petcf__Body252.step,30.0,30.0,11.0
old,pulley_front,Fusion004,step/old/pulley_front__Fusion004.step,30.0,30.0,30.0
transmission,shaft_front_hollow_petcf,Body253,step/transmission/shaft_front_hollow_petcf__Body253.step,12.003721,11.6,90.0
front,tower_bearing_plug,Body,step/front/tower_bearing_plug__Body.step,20.1,19.5,12.0
front,tower_right,Body255,step/front/tower_right__Body255.step,40.0,38.0,30.0
central,lipo_holder_flex,Body256,step/central/lipo_holder_flex__Body256.step,162.0,8.0,27.0
front,servo_holder_longer,Body259,step/front/servo_holder_longer__Body259.step,17.5,20.0,8.0
front,servo_holder_cable_longer,Body260,step/front/servo_holder_cable_longer__Body260.step,17.5,20.0,8.0
front,tower_left,Body262,step/front/tower_left__Body262.step,40.0,38.0,30.0
transmission,shaft_front_petcf,Body278,step/transmission/shaft_front_petcf__Body278.step,12.10339,11.65,90.0
optionals,collar_wheel_3mm,Body279,step/optionals/collar_wheel_3mm__Body279.step,16.0,16.0,3.0
front,balestra_holder_top,Body285,step/front/balestra_holder_top__Body285.step,22.0,5.6,7.0
old,wheel_train_w_pin_short,Body286,step/old/wheel_train_w_pin_short__Body286.step,17.0,15.856847,33.0
transmission,wheel_spring_holder_long,Body287,step/transmission/wheel_spring_holder_long__Body287.step,9.5,9.5,8.0
shims,shim_M12x1,Body288,step/shims/shim_M12x1__Body288.step,16.595542,16.595542,1.0
front,steering_block_M10,Body289,step/front/steering_block_M10__Body289.step,44.0,18.332335,47.0
ungrouped,M10x10-ThreadedRod,ThreadedRod001,step/ungrouped/M10x10-ThreadedRod__ThreadedRod001.step,13.105387,14.696617,11.39998
front,stop_pivot_ball_M10,Body290,step/front/stop_pivot_ball_M10__Body290.step,13.105387,14.696617,11.39998
optionals,link_central_rear,Body291,step/optionals/link_central_rear__Body291.step,20.0,15.0,8.0
optionals,rear_wing,Body292,step/optionals/rear_wing__Body292.step,47.824298,243.0,5.0
front,suspension_upper,Body296,step/front/suspension_upper__Body296.step,33.0,54.5,3.0
front,pivot_ball_holder_upper_right,Body297,step/front/pivot_ball_holder_upper_right__Body297.step,36.2,16.0,12.0
front,suspension_lower,Body299,step/front/suspension_lower__Body299.step,40.0,158.0,12.0
front,pivot_ball_holder_lower,Body300,step/front/pivot_ball_holder_lower__Body300.step,28.2,16.0,11.0
front,pivot_ball_holder_upper_left,Body301,step/front/pivot_ball_holder_upper_left__Body301.step,36.2,16.0,12.0
old,wheel_train_w_pin_nylon,Body302,step/old/wheel_train_w_pin_nylon__Body302.step,17.0,15.856847,32.5
front,boomerang_steering_block_sx,Body305,step/front/boomerang_steering_block_sx__Body305.step,29.0,20.0,9.0
front,boomerang_steeribg_block_dx,Body306,step/front/boomerang_steeribg_block_dx__Body306.step,29.0,20.0,9.0
optionals,front_spring,Body308,step/optionals/front_spring__Body308.step,69.0,24.0,4.0
old,esc_holder_light_mobile,Body310,step/old/esc_holder_light_mobile__Body310.step,74.0,55.0,3.0
old,mobile_lipo,Body311,step/old/mobile_lipo__Body311.step,8.117942,8.117942,8.0
old,lipo_barrier_dx,Body236,step/old/lipo_barrier_dx__Body236.step,168.8,40.0,27.0
old,lipo_barrier_sx,Body237,step/old/lipo_barrier_sx__Body237.step,176.8,40.0,27.0
old,lipo_barrier_front_10mm,Body312,step/old/lipo_barrier_front_10mm__Body312.step,21.0,40.0,27.0
belt,front_belt_tensioner_new_4mm,Body313,step/belt/front_belt_tensioner_new_4mm__Body313.step,8.0,18.0,12.0
old,lipo_barrier_rear,Body315,step/old/lipo_barrier_rear__Body315.step,46.0,40.0,27.0
belt,front_belt_tensioner_new_3mm,Body317,step/belt/front_belt_tensioner_new_3mm__Body317.step,8.0,18.0,11.0
shims,shim_10mm,Body319,step/shims/shim_10mm__Body319.step,8.0,8.0,10.0
central,esc_plate_rear,Body320,step/central/esc_plate_rear__Body320.step,49.0,110.0,3.0
bodyshell,tower_body_right,Body321,step/bodyshell/tower_body_right__Body321.step,9.545085,20.329569,30.0
front,suspension_upper_reinforce,Body323,step/front/suspension_upper_reinforce__Body323.step,114.0,32.000001,5.0
belt,front_belt_tensioner_lower,Body324,step/belt/front_belt_tensioner_lower__Body324.step,6.0,6.0,7.5
belt,front_belt_tensioner_lower_plate,Body325,step/belt/front_belt_tensioner_lower_plate__Body325.step,14.0,14.0,2.5
old,lipo_barrier_front_11,Body326,step/old/lipo_barrier_front_11__Body326.step,21.0,40.0,27.0
old,lipo_barrier_front_10.5mm,Body327,step/old/lipo_barrier_front_10.5mm__Body327.step,21.0,40.0,27.0
bodyshell,tower_body_left,Body328,step/bodyshell/tower_body_left__Body328.step,9.545085,20.329569,30.0
central,front_lipo_link_long,Body329,step/central/front_lipo_link_long__Body329.step,54.0,52.0,14.0
rear,rear_tower_left,Body332,step/rear/rear_tower_left__Body332.step,93.0,40.0,9.0
rear,rear_belt_tensioner_support,Body335,step/rear/rear_belt_tensioner_support__Body335.step,16.999921,28.051542,4.0
rear,rear_belt_tensioner_shaft,Body336,step/rear/rear_belt_tensioner_shaft__Body336.step,7.0,7.0,4.4
rear,rear_belt_tensioner_shim,Body337,step/rear/rear_belt_tensioner_shim__Body337.step,6.0,6.0,7.0
optionals,esc_capacitor_plate,Body338,step/optionals/esc_capacitor_plate__Body338.step,14.5,12.0,35.0
central,lipo_barrier_front_10mm001,Body340,step/central/lipo_barrier_front_10mm001__Body340.step,8.0,40.0,27.0
central,lipo_lateral_blocker,Body341,step/central/lipo_lateral_blocker__Body341.step,160.0,4.0,13.8
central,lipo_barrier_rear003,Body342,step/central/lipo_barrier_rear003__Body342.step,20.0,40.0,27.0
transmission,wheel_drive_shaft,Body346,step/transmission/wheel_drive_shaft__Body346.step,17.0,16.0,32.0
front,front_upperdeck,Body347,step/front/front_upperdeck__Body347.step,108.299052,50.0,29.006226
ungrouped,drive_train_petcf001,Body348,step/ungrouped/drive_train_petcf001__Body348.step,20.002596,19.002562,30.0
ungrouped,pulley_petcf001,Body349,step/ungrouped/pulley_petcf001__Body349.step,30.0,30.0,11.0
old,pulley_front001,Fusion005,step/old/pulley_front001__Fusion005.step,30.0,30.0,30.0
front,drive_shaft_plastic_cap,Body350,step/front/drive_shaft_plastic_cap__Body350.step,13.5,10.5,6.0
ungrouped,drive_train_petcf002,Body351,step/ungrouped/drive_train_petcf002__Body351.step,20.002596,19.002562,30.0
ungrouped,pulley_petcf002,Body352,step/ungrouped/pulley_petcf002__Body352.step,30.0,30.0,11.0
transmission,pulley_front_capped,Fusion006,step/transmission/pulley_front_capped__Fusion006.step,30.0,30.0,30.0
transmission,wheel_spring_holder_short,Body353,step/transmission/wheel_spring_holder_short__Body353.step,8.0,8.0,3.5
rear,rear_upperdeck,Body354,step/rear/rear_upperdeck__Body354.step,99.392828,71.8826,60.400212
rear,rear_belt_tensioner_support_longer,Body355,step/rear/rear_belt_tensioner_support_longer__Body355.step,17.0,36.706411,4.0
optionals,double_fan_support,Body356,step/optionals/double_fan_support__Body356.step,90.5,48.0,5.0
central,lipo_holder_lighter,Body357,step/central/lipo_holder_lighter__Body357.step,162.0,8.0,27.0
front,pivot_ball_holder_lower_improved_steering,Body358,step/front/pivot_ball_holder_lower_improved_steering__Body358.step,28.2,14.0,11.0
front,pivot_ball_holder_upper_left_steering,Body359,step/front/pivot_ball_holder_upper_left_steering__Body359.step,36.2,14.0,12.0
front,pivot_ball_holder_upper_right_steering,Body360,step/front/pivot_ball_holder_upper_right_steering__Body360.step,36.2,14.0,12.0
